Year,Month,Day,Value,Data Completeness
2018,7,1,4.1,C
2018,7,2,2.1,C
2018,7,3,15.4,C
2018,7,4,3.4,C
2018,7,5,1.5,C
2018,7,6,5.0,C
2018,7,7,5.2,C
2018,7,8,14.4,C
2018,7,9,11.3,C
2018,7,10,1.3,C
2018,7,11,0.0,C
2018,7,12,Trace,C
2018,7,13,50.4,C
2018,7,14,52.7,C
2018,7,15,67.4,C
2018,7,16,5.8,C
2018,7,17,6.5,C
2018,7,18,29.6,C
2018,7,19,17.3,C
2018,7,20,7.1,C
2018,7,21,0.0,C
2018,7,22,Trace,C
2018,7,23,30.8,C
2018,7,24,0.1,C
2018,7,25,2.7,C
2018,7,26,3.4,C
2018,7,27,0.3,C
2018,7,28,0.0,C
2018,7,29,0.0,C
2018,7,30,0.0,C
2018,7,31,3.3,C
2018,8,1,2.7,C
2018,8,2,6.1,C
2018,8,3,Trace,C
2018,8,4,5.0,C
2018,8,5,0.5,C
2018,8,6,0.0,C
2018,8,7,0.0,C
2018,8,8,0.5,C
2018,8,9,Trace,C
2018,8,10,47.9,C
2018,8,11,51.9,C
2018,8,12,18.9,C
2018,8,13,0.1,C
2018,8,14,32.9,C
2018,8,15,2.2,C
2018,8,16,3.2,C
2018,8,17,36.1,C
2018,8,18,21.8,C
2018,8,19,31.2,C
2018,8,20,61.1,C
2018,8,21,25.7,C
2018,8,22,26.4,C
2018,8,23,24.9,C
2018,8,24,0.1,C
2018,8,25,0.0,C
2018,8,26,80.2,C
2018,8,27,27.3,C
2018,8,28,71.6,C
2018,8,29,23.3,C
2018,8,30,6.3,C
2018,8,31,7.2,C
2018,9,1,32.0,C
2018,9,2,9.8,C
2018,9,3,0.3,C
2018,9,4,0.0,C
2018,9,5,0.1,C
2018,9,6,0.0,C
2018,9,7,Trace,C
2018,9,8,24.6,C
2018,9,9,16.7,C
2018,9,10,0.2,C
2018,9,11,0.0,C
2018,9,12,Trace,C
2018,9,13,2.5,C
2018,9,14,0.0,C
2018,9,15,Trace,C
2018,9,16,167.5,C
2018,9,17,12.0,C
2018,9,18,1.2,C
2018,9,19,0.0,C
2018,9,20,0.0,C
2018,9,21,0.0,C
2018,9,22,0.0,C
2018,9,23,Trace,C
2018,9,24,72.2,C
2018,9,25,34.5,C
2018,9,26,9.7,C
2018,9,27,Trace,C
2018,9,28,0.0,C
2018,9,29,0.0,C
2018,9,30,0.0,C
2018,10,1,2.9,C
2018,10,2,0.0,C
2018,10,3,0.0,C
2018,10,4,0.0,C
2018,10,5,0.0,C
2018,10,6,0.0,C
2018,10,7,0.0,C
2018,10,8,2.0,C
2018,10,9,0.6,C
2018,10,10,42.8,C
2018,10,11,0.0,C
2018,10,12,0.3,C
2018,10,13,0.4,C
2018,10,14,0.6,C
2018,10,15,31.4,C
2018,10,16,8.9,C
2018,10,17,1.5,C
2018,10,18,12.6,C
2018,10,19,0.2,C
2018,10,20,Trace,C
2018,10,21,Trace,C
2018,10,22,Trace,C
2018,10,23,0.1,C
2018,10,24,Trace,C
2018,10,25,0.0,C
2018,10,26,0.0,C
2018,10,27,0.0,C
2018,10,28,0.0,C
2018,10,29,0.0,C
2018,10,30,0.0,C
2018,10,31,0.0,C
2018,11,1,0.0,C
2018,11,2,0.1,C
2018,11,3,8.3,C
2018,11,4,Trace,C
2018,11,5,Trace,C
2018,11,6,0.0,C
2018,11,7,0.0,C
2018,11,8,Trace,C
2018,11,9,0.0,C
2018,11,10,Trace,C
2018,11,11,0.0,C
2018,11,12,Trace,C
2018,11,13,Trace,C
2018,11,14,Trace,C
2018,11,15,Trace,C
2018,11,16,1.1,C
2018,11,17,0.5,C
2018,11,18,0.0,C
2018,11,19,0.0,C
2018,11,20,0.1,C
2018,11,21,2.4,C
2018,11,22,0.2,C
2018,11,23,Trace,C
2018,11,24,Trace,C
2018,11,25,21.0,C
2018,11,26,15.7,C
2018,11,27,16.3,C
2018,11,28,7.7,C
2018,11,29,Trace,C
2018,11,30,0.0,C
2018,12,1,0.0,C
2018,12,2,0.0,C
2018,12,3,0.0,C
2018,12,4,0.0,C
2018,12,5,Trace,C
2018,12,6,0.1,C
2018,12,7,1.0,C
2018,12,8,0.0,C
2018,12,9,Trace,C
2018,12,10,0.2,C
2018,12,11,Trace,C
2018,12,12,0.0,C
2018,12,13,0.0,C
2018,12,14,0.0,C
2018,12,15,0.0,C
2018,12,16,Trace,C
2018,12,17,0.0,C
2018,12,18,0.0,C
2018,12,19,0.0,C
2018,12,20,0.0,C
2018,12,21,0.0,C
2018,12,22,0.0,C
2018,12,23,10.5,C
2018,12,24,0.1,C
2018,12,25,0.0,C
2018,12,26,0.0,C
2018,12,27,Trace,C
2018,12,28,Trace,C
2018,12,29,Trace,C
2018,12,30,Trace,C
2018,12,31,0.0,C
2019,1,1,Trace,C
2019,1,2,Trace,C
2019,1,3,0.1,C
2019,1,4,0.1,C
2019,1,5,0.0,C
2019,1,6,Trace,C
2019,1,7,0.0,C
2019,1,8,0.2,C
2019,1,9,0.0,C
2019,1,10,0.0,C
2019,1,11,0.0,C
2019,1,12,Trace,C
2019,1,13,Trace,C
2019,1,14,Trace,C
2019,1,15,4.0,C
2019,1,16,0.0,C
2019,1,17,0.0,C
2019,1,18,0.0,C
2019,1,19,0.2,C
2019,1,20,0.1,C
2019,1,21,0.0,C
2019,1,22,0.0,C
2019,1,23,0.0,C
2019,1,24,0.0,C
2019,1,25,0.0,C
2019,1,26,0.0,C
2019,1,27,0.0,C
2019,1,28,0.0,C
2019,1,29,0.0,C
2019,1,30,0.0,C
2019,1,31,0.0,C
2019,2,1,0.0,C
2019,2,2,Trace,C
2019,2,3,Trace,C
2019,2,4,0.0,C
2019,2,5,0.0,C
2019,2,6,0.0,C
2019,2,7,Trace,C
2019,2,8,Trace,C
2019,2,9,0.8,C
2019,2,10,0.8,C
2019,2,11,Trace,C
2019,2,12,0.2,C
2019,2,13,0.0,C
2019,2,14,Trace,C
2019,2,15,0.2,C
2019,2,16,0.0,C
2019,2,17,0.1,C
2019,2,18,18.1,C
2019,2,19,31.0,C
2019,2,20,0.2,C
2019,2,21,Trace,C
2019,2,22,1.6,C
2019,2,23,12.3,C
2019,2,24,3.4,C
2019,2,25,Trace,C
2019,2,26,Trace,C
2019,2,27,Trace,C
2019,2,28,0.0,C
2019,3,1,0.4,C
2019,3,2,Trace,C
2019,3,3,6.3,C
2019,3,4,10.2,C
2019,3,5,30.3,C
2019,3,6,45.5,C
2019,3,7,29.6,C
2019,3,8,11.5,C
2019,3,9,14.5,C
2019,3,10,4.6,C
2019,3,11,7.6,C
2019,3,12,0.0,C
2019,3,13,0.0,C
2019,3,14,6.4,C
2019,3,15,0.4,C
2019,3,16,0.0,C
2019,3,17,0.0,C
2019,3,18,0.0,C
2019,3,19,0.0,C
2019,3,20,0.0,C
2019,3,21,0.0,C
2019,3,22,Trace,C
2019,3,23,3.3,C
2019,3,24,0.3,C
2019,3,25,1.0,C
2019,3,26,0.0,C
2019,3,27,Trace,C
2019,3,28,0.0,C
2019,3,29,6.9,C
2019,3,30,Trace,C
2019,3,31,7.7,C
2019,4,1,Trace,C
2019,4,2,Trace,C
2019,4,3,Trace,C
2019,4,4,Trace,C
2019,4,5,0.0,C
2019,4,6,0.0,C
2019,4,7,0.0,C
2019,4,8,0.0,C
2019,4,9,0.0,C
2019,4,10,0.0,C
2019,4,11,0.7,C
2019,4,12,6.1,C
2019,4,13,3.8,C
2019,4,14,10.4,C
2019,4,15,1.1,C
2019,4,16,9.2,C
2019,4,17,0.0,C
2019,4,18,6.7,C
2019,4,19,75.8,C
2019,4,20,43.6,C
2019,4,21,0.3,C
2019,4,22,0.0,C
2019,4,23,0.0,C
2019,4,24,0.0,C
2019,4,25,0.0,C
2019,4,26,0.9,C
2019,4,27,16.6,C
2019,4,28,3.1,C
2019,4,29,0.0,C
2019,4,30,7.5,C
2019,5,1,0.2,C
2019,5,2,0.5,C
2019,5,3,5.3,C
2019,5,4,8.4,C
2019,5,5,8.3,C
2019,5,6,11.3,C
2019,5,7,17.0,C
2019,5,8,25.1,C
2019,5,9,10.0,C
2019,5,10,0.0,C
2019,5,11,0.0,C
2019,5,12,0.0,C
2019,5,13,Trace,C
2019,5,14,0.0,C
2019,5,15,Trace,C
2019,5,16,0.8,C
2019,5,17,0.1,C
2019,5,18,Trace,C
2019,5,19,0.0,C
2019,5,20,9.0,C
2019,5,21,3.3,C
2019,5,22,0.7,C
2019,5,23,6.5,C
2019,5,24,21.5,C
2019,5,25,2.4,C
2019,5,26,15.1,C
2019,5,27,27.8,C
2019,5,28,43.9,C
2019,5,29,3.2,C
2019,5,30,3.2,C
2019,5,31,11.0,C
2019,6,1,32.6,C
2019,6,2,3.0,C
2019,6,3,34.1,C
2019,6,4,38.1,C
2019,6,5,0.0,C
2019,6,6,Trace,C
2019,6,7,0.0,C
2019,6,8,1.1,C
2019,6,9,4.1,C
2019,6,10,3.3,C
2019,6,11,111.6,C
2019,6,12,1.5,C
2019,6,13,55.8,C
2019,6,14,16.5,C
2019,6,15,Trace,C
2019,6,16,0.0,C
2019,6,17,4.7,C
2019,6,18,11.1,C
2019,6,19,14.0,C
2019,6,20,0.5,C
2019,6,21,0.7,C
2019,6,22,0.7,C
2019,6,23,3.2,C
2019,6,24,16.8,C
2019,6,25,35.4,C
2019,6,26,0.9,C
2019,6,27,3.5,C
2019,6,28,2.2,C
2019,6,29,0.6,C
2019,6,30,33.1,C
2019,7,1,15.3,C
2019,7,2,19.1,C
2019,7,3,79.1,C
2019,7,4,13.0,C
2019,7,5,1.3,C
2019,7,6,1.5,C
2019,7,7,4.3,C
2019,7,8,0.1,C
2019,7,9,6.0,C
2019,7,10,14.3,C
2019,7,11,6.0,C
2019,7,12,2.6,C
2019,7,13,Trace,C
2019,7,14,Trace,C
2019,7,15,0.0,C
2019,7,16,0.0,C
2019,7,17,0.0,C
2019,7,18,Trace,C
2019,7,19,22.6,C
2019,7,20,6.4,C
2019,7,21,0.1,C
2019,7,22,0.4,C
2019,7,23,Trace,C
2019,7,24,Trace,C
2019,7,25,1.0,C
2019,7,26,Trace,C
2019,7,27,0.0,C
2019,7,28,0.5,C
2019,7,29,1.0,C
2019,7,30,12.8,C
2019,7,31,121.1,C
2019,8,1,98.3,C
2019,8,2,8.2,C
2019,8,3,28.4,C
2019,8,4,Trace,C
2019,8,5,0.0,C
2019,8,6,Trace,C
2019,8,7,0.0,C
2019,8,8,0.0,C
2019,8,9,0.0,C
2019,8,10,0.0,C
2019,8,11,1.1,C
2019,8,12,0.4,C
2019,8,13,9.2,C
2019,8,14,54.4,C
2019,8,15,5.6,C
2019,8,16,1.1,C
2019,8,17,42.2,C
2019,8,18,19.0,C
2019,8,19,0.1,C
2019,8,20,Trace,C
2019,8,21,0.0,C
2019,8,22,0.0,C
2019,8,23,0.7,C
2019,8,24,0.0,C
2019,8,25,88.4,C
2019,8,26,178.3,C
2019,8,27,2.9,C
2019,8,28,0.0,C
2019,8,29,5.9,C
2019,8,30,8.5,C
2019,8,31,43.7,C
2019,9,1,8.5,C
2019,9,2,38.4,C
2019,9,3,12.9,C
2019,9,4,62.2,C
2019,9,5,31.8,C
2019,9,6,0.2,C
2019,9,7,0.4,C
2019,9,8,0.4,C
2019,9,9,0.0,C
2019,9,10,0.0,C
2019,9,11,Trace,C
2019,9,12,0.0,C
2019,9,13,Trace,C
2019,9,14,Trace,C
2019,9,15,11.0,C
2019,9,16,4.3,C
2019,9,17,2.1,C
2019,9,18,18.0,C
2019,9,19,8.7,C
2019,9,20,0.0,C
2019,9,21,0.0,C
2019,9,22,0.0,C
2019,9,23,0.0,C
2019,9,24,0.0,C
2019,9,25,Trace,C
2019,9,26,0.0,C
2019,9,27,Trace,C
2019,9,28,0.0,C
2019,9,29,0.0,C
2019,9,30,0.0,C
2019,10,1,0.0,C
2019,10,2,0.0,C
2019,10,3,0.0,C
2019,10,4,0.0,C
2019,10,5,0.0,C
2019,10,6,46.8,C
2019,10,7,17.9,C
2019,10,8,4.9,C
2019,10,9,Trace,C
2019,10,10,0.0,C
2019,10,11,0.0,C
2019,10,12,0.3,C
2019,10,13,13.6,C
2019,10,14,52.1,C
2019,10,15,10.4,C
2019,10,16,0.0,C
2019,10,17,0.0,C
2019,10,18,Trace,C
2019,10,19,0.0,C
2019,10,20,3.5,C
2019,10,21,0.0,C
2019,10,22,0.0,C
2019,10,23,0.0,C
2019,10,24,0.0,C
2019,10,25,0.0,C
2019,10,26,Trace,C
2019,10,27,Trace,C
2019,10,28,Trace,C
2019,10,29,0.0,C
2019,10,30,0.0,C
2019,10,31,0.0,C
2019,11,1,0.0,C
2019,11,2,0.0,C
2019,11,3,0.0,C
2019,11,4,0.0,C
2019,11,5,0.0,C
2019,11,6,0.0,C
2019,11,7,0.0,C
2019,11,8,0.0,C
2019,11,9,0.0,C
2019,11,10,0.0,C
2019,11,11,0.0,C
2019,11,12,0.0,C
2019,11,13,0.0,C
2019,11,14,0.0,C
2019,11,15,0.0,C
2019,11,16,0.0,C
2019,11,17,0.0,C
2019,11,18,0.0,C
2019,11,19,0.0,C
2019,11,20,0.0,C
2019,11,21,Trace,C
2019,11,22,0.0,C
2019,11,23,0.0,C
2019,11,24,0.0,C
2019,11,25,0.0,C
2019,11,26,Trace,C
2019,11,27,0.0,C
2019,11,28,0.0,C
2019,11,29,0.0,C
2019,11,30,0.0,C
2019,12,1,0.0,C
2019,12,2,0.0,C
2019,12,3,0.0,C
2019,12,4,0.0,C
2019,12,5,1.4,C
2019,12,6,0.3,C
2019,12,7,0.0,C
2019,12,8,0.0,C
2019,12,9,0.0,C
2019,12,10,0.0,C
2019,12,11,0.0,C
2019,12,12,0.0,C
2019,12,13,0.0,C
2019,12,14,0.0,C
2019,12,15,0.0,C
2019,12,16,0.0,C
2019,12,17,0.0,C
2019,12,18,0.0,C
2019,12,19,0.1,C
2019,12,20,0.7,C
2019,12,21,1.4,C
2019,12,22,0.0,C
2019,12,23,0.0,C
2019,12,24,0.0,C
2019,12,25,0.0,C
2019,12,26,0.0,C
2019,12,27,0.0,C
2019,12,28,Trace,C
2019,12,29,9.3,C
2019,12,30,0.3,C
2019,12,31,Trace,C
2020,1,1,Trace,C
2020,1,2,0.0,C
2020,1,3,0.0,C
2020,1,4,0.0,C
2020,1,5,0.0,C
2020,1,6,0.0,C
2020,1,7,Trace,C
2020,1,8,0.0,C
2020,1,9,0.0,C
2020,1,10,0.0,C
2020,1,11,0.0,C
2020,1,12,0.0,C
2020,1,13,0.0,C
2020,1,14,0.0,C
2020,1,15,0.1,C
2020,1,16,Trace,C
2020,1,17,0.0,C
2020,1,18,0.0,C
2020,1,19,0.0,C
2020,1,20,0.0,C
2020,1,21,0.0,C
2020,1,22,Trace,C
2020,1,23,0.0,C
2020,1,24,Trace,C
2020,1,25,2.1,C
2020,1,26,12.3,C
2020,1,27,0.2,C
2020,1,28,0.1,C
2020,1,29,0.0,C
2020,1,30,0.0,C
2020,1,31,0.0,C
2020,2,1,0.0,C
2020,2,2,0.0,C
2020,2,3,Trace,C
2020,2,4,0.8,C
2020,2,5,1.0,C
2020,2,6,Trace,C
2020,2,7,0.0,C
2020,2,8,0.0,C
2020,2,9,Trace,C
2020,2,10,0.0,C
2020,2,11,0.8,C
2020,2,12,0.0,C
2020,2,13,41.6,C
2020,2,14,9.7,C
2020,2,15,Trace,C
2020,2,16,25.5,C
2020,2,17,0.0,C
2020,2,18,0.0,C
2020,2,19,0.0,C
2020,2,20,0.0,C
2020,2,21,0.0,C
2020,2,22,0.0,C
2020,2,23,0.0,C
2020,2,24,0.0,C
2020,2,25,Trace,C
2020,2,26,0.0,C
2020,2,27,0.4,C
2020,2,28,0.0,C
2020,2,29,0.0,C
2020,3,1,0.0,C
2020,3,2,Trace,C
2020,3,3,Trace,C
2020,3,4,3.1,C
2020,3,5,0.4,C
2020,3,6,Trace,C
2020,3,7,Trace,C
2020,3,8,Trace,C
2020,3,9,Trace,C
2020,3,10,Trace,C
2020,3,11,Trace,C
2020,3,12,Trace,C
2020,3,13,0.0,C
2020,3,14,0.4,C
2020,3,15,0.0,C
2020,3,16,0.0,C
2020,3,17,0.0,C
2020,3,18,10.7,C
2020,3,19,0.8,C
2020,3,20,0.4,C
2020,3,21,0.2,C
2020,3,22,0.0,C
2020,3,23,0.0,C
2020,3,24,Trace,C
2020,3,25,Trace,C
2020,3,26,1.0,C
2020,3,27,Trace,C
2020,3,28,9.8,C
2020,3,29,2.2,C
2020,3,30,6.5,C
2020,3,31,5.8,C
2020,4,1,0.2,C
2020,4,2,0.4,C
2020,4,3,0.6,C
2020,4,4,1.1,C
2020,4,5,4.6,C
2020,4,6,21.5,C
2020,4,7,Trace,C
2020,4,8,0.0,C
2020,4,9,0.0,C
2020,4,10,0.0,C
2020,4,11,20.5,C
2020,4,12,0.4,C
2020,4,13,0.0,C
2020,4,14,0.0,C
2020,4,15,0.0,C
2020,4,16,0.0,C
2020,4,17,0.0,C
2020,4,18,Trace,C
2020,4,19,0.0,C
2020,4,20,0.0,C
2020,4,21,0.0,C
2020,4,22,25.8,C
2020,4,23,1.3,C
2020,4,24,0.6,C
2020,4,25,0.1,C
2020,4,26,0.7,C
2020,4,27,0.0,C
2020,4,28,0.0,C
2020,4,29,0.0,C
2020,4,30,0.0,C
2020,5,1,0.0,C
2020,5,2,0.0,C
2020,5,3,0.0,C
2020,5,4,0.0,C
2020,5,5,0.0,C
2020,5,6,0.0,C
2020,5,7,0.0,C
2020,5,8,0.1,C
2020,5,9,0.1,C
2020,5,10,0.8,C
2020,5,11,14.8,C
2020,5,12,3.6,C
2020,5,13,0.3,C
2020,5,14,0.1,C
2020,5,15,0.0,C
2020,5,16,0.0,C
2020,5,17,Trace,C
2020,5,18,46.7,C
2020,5,19,0.0,C
2020,5,20,4.3,C
2020,5,21,84.6,C
2020,5,22,17.0,C
2020,5,23,1.5,C
2020,5,24,Trace,C
2020,5,25,32.4,C
2020,5,26,14.4,C
2020,5,27,0.1,C
2020,5,28,0.2,C
2020,5,29,0.2,C
2020,5,30,131.3,C
2020,5,31,Trace,C
2020,6,1,Trace,C
2020,6,2,6.4,C
2020,6,3,Trace,C
2020,6,4,Trace,C
2020,6,5,2.6,C
2020,6,6,183.8,C
2020,6,7,107.4,C
2020,6,8,40.9,C
2020,6,9,1.3,C
2020,6,10,0.2,C
2020,6,11,Trace,C
2020,6,12,0.0,C
2020,6,13,11.7,C
2020,6,14,29.3,C
2020,6,15,0.2,C
2020,6,16,9.4,C
2020,6,17,0.9,C
2020,6,18,0.1,C
2020,6,19,Trace,C
2020,6,20,0.0,C
2020,6,21,Trace,C
2020,6,22,Trace,C
2020,6,23,0.0,C
2020,6,24,0.0,C
2020,6,25,0.1,C
2020,6,26,1.3,C
2020,6,27,1.2,C
2020,6,28,Trace,C
2020,6,29,0.4,C
2020,6,30,Trace,C
2020,7,1,1.1,C
2020,7,2,9.3,C
2020,7,3,29.5,C
2020,7,4,8.3,C
2020,7,5,1.3,C
2020,7,6,4.1,C
2020,7,7,0.7,C
2020,7,8,0.6,C
2020,7,9,Trace,C
2020,7,10,0.0,C
2020,7,11,0.0,C
2020,7,12,0.0,C
2020,7,13,0.0,C
2020,7,14,0.0,C
2020,7,15,0.0,C
2020,7,16,2.4,C
2020,7,17,2.5,C
2020,7,18,2.2,C
2020,7,19,0.0,C
2020,7,20,3.1,C
2020,7,21,0.0,C
2020,7,22,2.5,C
2020,7,23,Trace,C
2020,7,24,0.0,C
2020,7,25,0.0,C
2020,7,26,Trace,C
2020,7,27,2.3,C
2020,7,28,3.0,C
2020,7,29,2.6,C
2020,7,30,13.3,C
2020,7,31,36.6,C
2020,8,1,28.3,C
2020,8,2,25.6,C
2020,8,3,46.9,C
2020,8,4,4.7,C
2020,8,5,53.3,C
2020,8,6,1.7,C
2020,8,7,0.2,C
2020,8,8,0.0,C
2020,8,9,0.0,C
2020,8,10,0.0,C
2020,8,11,0.6,C
2020,8,12,29.4,C
2020,8,13,16.5,C
2020,8,14,9.3,C
2020,8,15,0.0,C
2020,8,16,Trace,C
2020,8,17,16.6,C
2020,8,18,52.7,C
2020,8,19,119.5,C
2020,8,20,Trace,C
2020,8,21,0.0,C
2020,8,22,0.0,C
2020,8,23,0.0,C
2020,8,24,0.0,C
2020,8,25,1.1,C
2020,8,26,12.3,C
2020,8,27,3.1,C
2020,8,28,22.6,C
2020,8,29,3.2,C
2020,8,30,0.6,C
2020,8,31,0.2,C
2020,9,1,1.1,C
2020,9,2,0.4,C
2020,9,3,0.4,C
2020,9,4,0.1,C
2020,9,5,43.9,C
2020,9,6,0.0,C
2020,9,7,4.7,C
2020,9,8,68.9,C
2020,9,9,0.2,C
2020,9,10,8.2,C
2020,9,11,2.7,C
2020,9,12,27.9,C
2020,9,13,5.7,C
2020,9,14,38.2,C
2020,9,15,62.6,C
2020,9,16,4.4,C
2020,9,17,40.6,C
2020,9,18,15.9,C
2020,9,19,50.8,C
2020,9,20,0.7,C
2020,9,21,176.8,C
2020,9,22,0.5,C
2020,9,23,0.0,C
2020,9,24,0.6,C
2020,9,25,0.0,C
2020,9,26,Trace,C
2020,9,27,1.3,C
2020,9,28,26.2,C
2020,9,29,21.9,C
2020,9,30,104.1,C
2020,10,1,0.1,C
2020,10,2,0.0,C
2020,10,3,0.0,C
2020,10,4,0.0,C
2020,10,5,106.1,C
2020,10,6,2.7,C
2020,10,7,0.0,C
2020,10,8,0.0,C
2020,10,9,Trace,C
2020,10,10,Trace,C
2020,10,11,0.0,C
2020,10,12,0.6,C
2020,10,13,26.0,C
2020,10,14,1.2,C
2020,10,15,0.0,C
2020,10,16,Trace,C
2020,10,17,0.2,C
2020,10,18,0.7,C
2020,10,19,0.0,C
2020,10,20,0.0,C
2020,10,21,0.0,C
2020,10,22,0.0,C
2020,10,23,0.0,C
2020,10,24,Trace,C
2020,10,25,0.0,C
2020,10,26,0.0,C
2020,10,27,0.0,C
2020,10,28,4.7,C
2020,10,29,0.1,C
2020,10,30,Trace,C
2020,10,31,0.0,C
2020,11,1,0.0,C
2020,11,2,0.0,C
2020,11,3,0.1,C
2020,11,4,0.4,C
2020,11,5,0.0,C
2020,11,6,0.0,C
2020,11,7,0.0,C
2020,11,8,0.0,C
2020,11,9,Trace,C
2020,11,10,0.0,C
2020,11,11,0.0,C
2020,11,12,0.0,C
2020,11,13,0.4,C
2020,11,14,0.0,C
2020,11,15,Trace,C
2020,11,16,0.0,C
2020,11,17,Trace,C
2020,11,18,1.0,C
2020,11,19,Trace,C
2020,11,20,0.0,C
2020,11,21,2.0,C
2020,11,22,1.1,C
2020,11,23,Trace,C
2020,11,24,0.0,C
2020,11,25,0.0,C
2020,11,26,0.0,C
2020,11,27,0.0,C
2020,11,28,0.0,C
2020,11,29,0.0,C
2020,11,30,0.1,C
2020,12,1,0.0,C
2020,12,2,0.0,C
2020,12,3,0.0,C
2020,12,4,0.0,C
2020,12,5,0.0,C
2020,12,6,0.0,C
2020,12,7,0.0,C
2020,12,8,0.0,C
2020,12,9,Trace,C
2020,12,10,0.3,C
2020,12,11,Trace,C
2020,12,12,Trace,C
2020,12,13,0.0,C
2020,12,14,Trace,C
2020,12,15,Trace,C
2020,12,16,0.0,C
2020,12,17,0.0,C
2020,12,18,0.0,C
2020,12,19,0.0,C
2020,12,20,0.0,C
2020,12,21,0.0,C
2020,12,22,0.0,C
2020,12,23,1.2,C
2020,12,24,0.0,C
2020,12,25,0.0,C
2020,12,26,0.0,C
2020,12,27,0.0,C
2020,12,28,0.0,C
2020,12,29,0.0,C
2020,12,30,0.0,C
2020,12,31,0.0,C
2021,1,1,0.0,C
2021,1,2,0.0,C
2021,1,3,0.0,C
2021,1,4,0.0,C
2021,1,5,0.0,C
2021,1,6,0.0,C
2021,1,7,0.0,C
2021,1,8,0.0,C
2021,1,9,0.0,C
2021,1,10,0.0,C
2021,1,11,0.0,C
2021,1,12,0.0,C
2021,1,13,0.0,C
2021,1,14,0.0,C
2021,1,15,0.0,C
2021,1,16,0.0,C
2021,1,17,0.0,C
2021,1,18,0.0,C
2021,1,19,0.0,C
2021,1,20,0.0,C
2021,1,21,0.0,C
2021,1,22,0.0,C
2021,1,23,0.0,C
2021,1,24,Trace,C
2021,1,25,0.0,C
2021,1,26,0.0,C
2021,1,27,0.0,C
2021,1,28,0.0,C
2021,1,29,0.0,C
2021,1,30,0.0,C
2021,1,31,0.0,C
2021,2,1,0.0,C
2021,2,2,0.0,C
2021,2,3,0.0,C
2021,2,4,0.0,C
2021,2,5,0.0,C
2021,2,6,0.0,C
2021,2,7,0.0,C
2021,2,8,0.0,C
2021,2,9,Trace,C
2021,2,10,32.2,C
2021,2,11,0.0,C
2021,2,12,0.0,C
2021,2,13,0.0,C
2021,2,14,0.0,C
2021,2,15,0.0,C
2021,2,16,0.0,C
2021,2,17,0.0,C
2021,2,18,0.0,C
2021,2,19,0.0,C
2021,2,20,0.0,C
2021,2,21,0.0,C
2021,2,22,0.0,C
2021,2,23,0.0,C
2021,2,24,Trace,C
2021,2,25,1.8,C
2021,2,26,14.7,C
2021,2,27,13.4,C
2021,2,28,Trace,C
2021,3,1,Trace,C
2021,3,2,Trace,C
2021,3,3,0.3,C
2021,3,4,1.0,C
2021,3,5,Trace,C
2021,3,6,1.5,C
2021,3,7,0.2,C
2021,3,8,0.3,C
2021,3,9,0.0,C
2021,3,10,Trace,C
2021,3,11,0.0,C
2021,3,12,0.0,C
2021,3,13,Trace,C
2021,3,14,0.0,C
2021,3,15,0.0,C
2021,3,16,0.0,C
2021,3,17,Trace,C
2021,3,18,0.2,C
2021,3,19,Trace,C
2021,3,20,0.0,C
2021,3,21,0.0,C
2021,3,22,Trace,C
2021,3,23,0.0,C
2021,3,24,0.0,C
2021,3,25,0.0,C
2021,3,26,0.0,C
2021,3,27,0.0,C
2021,3,28,0.0,C
2021,3,29,0.0,C
2021,3,30,0.0,C
2021,3,31,0.0,C
2021,4,1,Trace,C
2021,4,2,0.0,C
2021,4,3,0.0,C
2021,4,4,0.8,C
2021,4,5,0.7,C
2021,4,6,0.0,C
2021,4,7,0.0,C
2021,4,8,0.0,C
2021,4,9,7.5,C
2021,4,10,0.0,C
2021,4,11,0.0,C
2021,4,12,0.0,C
2021,4,13,0.0,C
2021,4,14,Trace,C
2021,4,15,8.3,C
2021,4,16,1.5,C
2021,4,17,2.5,C
2021,4,18,Trace,C
2021,4,19,0.0,C
2021,4,20,0.0,C
2021,4,21,0.0,C
2021,4,22,0.0,C
2021,4,23,0.0,C
2021,4,24,Trace,C
2021,4,25,0.9,C
2021,4,26,0.3,C
2021,4,27,5.7,C
2021,4,28,4.2,C
2021,4,29,0.1,C
2021,4,30,0.0,C
2021,5,1,0.0,C
2021,5,2,1.2,C
2021,5,3,8.8,C
2021,5,4,12.5,C
2021,5,5,0.5,C
2021,5,6,Trace,C
2021,5,7,0.0,C
2021,5,8,0.0,C
2021,5,9,0.0,C
2021,5,10,0.0,C
2021,5,11,Trace,C
2021,5,12,Trace,C
2021,5,13,3.9,C
2021,5,14,0.0,C
2021,5,15,0.0,C
2021,5,16,Trace,C
2021,5,17,0.0,C
2021,5,18,1.3,C
2021,5,19,0.0,C
2021,5,20,0.0,C
2021,5,21,Trace,C
2021,5,22,2.6,C
2021,5,23,Trace,C
2021,5,24,15.7,C
2021,5,25,4.8,C
2021,5,26,4.0,C
2021,5,27,1.0,C
2021,5,28,0.0,C
2021,5,29,0.0,C
2021,5,30,Trace,C
2021,5,31,8.7,C
2021,6,1,45.8,C
2021,6,2,2.4,C
2021,6,3,0.0,C
2021,6,4,7.5,C
2021,6,5,Trace,C
2021,6,6,Trace,C
2021,6,7,Trace,C
2021,6,8,0.9,C
2021,6,9,48.6,C
2021,6,10,29.4,C
2021,6,11,31.2,C
2021,6,12,30.3,C
2021,6,13,2.8,C
2021,6,14,0.3,C
2021,6,15,6.2,C
2021,6,16,0.0,C
2021,6,17,9.6,C
2021,6,18,3.9,C
2021,6,19,Trace,C
2021,6,20,0.0,C
2021,6,21,1.2,C
2021,6,22,75.3,C
2021,6,23,66.4,C
2021,6,24,20.8,C
2021,6,25,6.8,C
2021,6,26,61.3,C
2021,6,27,5.8,C
2021,6,28,166.5,C
2021,6,29,4.6,C
2021,6,30,0.4,C
2021,7,1,Trace,C
2021,7,2,0.0,C
2021,7,3,Trace,C
2021,7,4,0.0,C
2021,7,5,2.3,C
2021,7,6,18.4,C
2021,7,7,11.7,C
2021,7,8,1.5,C
2021,7,9,0.0,C
2021,7,10,0.0,C
2021,7,11,Trace,C
2021,7,12,0.1,C
2021,7,13,0.0,C
2021,7,14,1.5,C
2021,7,15,0.0,C
2021,7,16,Trace,C
2021,7,17,0.2,C
2021,7,18,42.4,C
2021,7,19,117.2,C
2021,7,20,87.8,C
2021,7,21,28.4,C
2021,7,22,0.0,C
2021,7,23,0.0,C
2021,7,24,26.5,C
2021,7,25,8.9,C
2021,7,26,0.0,C
2021,7,27,Trace,C
2021,7,28,Trace,C
2021,7,29,7.8,C
2021,7,30,7.9,C
2021,7,31,16.9,C
2021,8,1,11.6,C
2021,8,2,Trace,C
2021,8,3,19.7,C
2021,8,4,41.9,C
2021,8,5,28.1,C
2021,8,6,31.0,C
2021,8,7,0.0,C
2021,8,8,3.1,C
2021,8,9,36.3,C
2021,8,10,17.3,C
2021,8,11,3.0,C
2021,8,12,1.0,C
2021,8,13,5.4,C
2021,8,14,2.2,C
2021,8,15,5.7,C
2021,8,16,3.9,C
2021,8,17,0.0,C
2021,8,18,0.0,C
2021,8,19,34.6,C
2021,8,20,Trace,C
2021,8,21,0.0,C
2021,8,22,0.0,C
2021,8,23,Trace,C
2021,8,24,23.7,C
2021,8,25,1.1,C
2021,8,26,2.2,C
2021,8,27,29.3,C
2021,8,28,22.0,C
2021,8,29,13.9,C
2021,8,30,Trace,C
2021,8,31,13.5,C
2021,9,1,5.9,C
2021,9,2,0.0,C
2021,9,3,Trace,C
2021,9,4,0.9,C
2021,9,5,Trace,C
2021,9,6,0.0,C
2021,9,7,0.2,C
2021,9,8,0.0,C
2021,9,9,0.0,C
2021,9,10,0.0,C
2021,9,11,0.0,C
2021,9,12,0.0,C
2021,9,13,0.0,C
2021,9,14,33.8,C
2021,9,15,0.0,C
2021,9,16,Trace,C
2021,9,17,7.6,C
2021,9,18,0.2,C
2021,9,19,21.2,C
2021,9,20,9.4,C
2021,9,21,10.2,C
2021,9,22,0.5,C
2021,9,23,38.4,C
2021,9,24,1.2,C
2021,9,25,0.1,C
2021,9,26,0.0,C
2021,9,27,0.0,C
2021,9,28,0.0,C
2021,9,29,0.0,C
2021,9,30,0.0,C
2021,10,1,Trace,C
2021,10,2,0.0,C
2021,10,3,1.9,C
2021,10,4,0.0,C
2021,10,5,Trace,C
2021,10,6,Trace,C
2021,10,7,43.9,C
2021,10,8,329.7,C
2021,10,9,130.3,C
2021,10,10,45.1,C
2021,10,11,0.0,C
2021,10,12,0.2,C
2021,10,13,57.7,C
2021,10,14,13.3,C
2021,10,15,4.6,C
2021,10,16,Trace,C
2021,10,17,0.0,C
2021,10,18,0.0,C
2021,10,19,0.0,C
2021,10,20,0.1,C
2021,10,21,0.7,C
2021,10,22,Trace,C
2021,10,23,0.0,C
2021,10,24,0.0,C
2021,10,25,0.0,C
2021,10,26,0.0,C
2021,10,27,Trace,C
2021,10,28,0.1,C
2021,10,29,1.1,C
2021,10,30,2.4,C
2021,10,31,0.0,C
2021,11,1,Trace,C
2021,11,2,Trace,C
2021,11,3,Trace,C
2021,11,4,0.0,C
2021,11,5,0.0,C
2021,11,6,0.0,C
2021,11,7,0.0,C
2021,11,8,2.0,C
2021,11,9,0.0,C
2021,11,10,0.0,C
2021,11,11,0.0,C
2021,11,12,0.0,C
2021,11,13,Trace,C
2021,11,14,0.0,C
2021,11,15,0.0,C
2021,11,16,0.0,C
2021,11,17,0.0,C
2021,11,18,0.0,C
2021,11,19,Trace,C
2021,11,20,0.3,C
2021,11,21,0.0,C
2021,11,22,3.5,C
2021,11,23,Trace,C
2021,11,24,0.0,C
2021,11,25,0.0,C
2021,11,26,0.0,C
2021,11,27,0.0,C
2021,11,28,0.0,C
2021,11,29,0.0,C
2021,11,30,0.0,C
2021,12,1,0.0,C
2021,12,2,0.0,C
2021,12,3,0.0,C
2021,12,4,0.0,C
2021,12,5,0.0,C
2021,12,6,0.0,C
2021,12,7,0.0,C
2021,12,8,0.0,C
2021,12,9,0.0,C
2021,12,10,0.0,C
2021,12,11,0.0,C
2021,12,12,0.0,C
2021,12,13,0.0,C
2021,12,14,Trace,C
2021,12,15,0.2,C
2021,12,16,Trace,C
2021,12,17,0.0,C
2021,12,18,0.0,C
2021,12,19,0.0,C
2021,12,20,9.4,C
2021,12,21,2.4,C
2021,12,22,Trace,C
2021,12,23,0.8,C
2021,12,24,1.7,C
2021,12,25,Trace,C
2021,12,26,3.5,C
2021,12,27,1.3,C
2021,12,28,0.2,C
2021,12,29,0.0,C
2021,12,30,0.0,C
2021,12,31,Trace,C
2022,1,1,0.0,C
2022,1,2,0.0,C
2022,1,3,0.0,C
2022,1,4,0.0,C
2022,1,5,Trace,C
2022,1,6,0.0,C
2022,1,7,0.0,C
2022,1,8,0.0,C
2022,1,9,0.0,C
2022,1,10,0.0,C
2022,1,11,1.2,C
2022,1,12,0.0,C
2022,1,13,Trace,C
2022,1,14,0.0,C
2022,1,15,0.0,C
2022,1,16,0.0,C
2022,1,17,0.0,C
2022,1,18,0.2,C
2022,1,19,0.0,C
2022,1,20,0.0,C
2022,1,21,0.0,C
2022,1,22,1.5,C
2022,1,23,0.1,C
2022,1,24,1.0,C
2022,1,25,0.0,C
2022,1,26,Trace,C
2022,1,27,Trace,C
2022,1,28,Trace,C
2022,1,29,0.1,C
2022,1,30,0.0,C
2022,1,31,Trace,C
2022,2,1,1.2,C
2022,2,2,1.0,C
2022,2,3,1.0,C
2022,2,4,0.0,C
2022,2,5,0.0,C
2022,2,6,0.0,C
2022,2,7,Trace,C
2022,2,8,Trace,C
2022,2,9,0.0,C
2022,2,10,0.0,C
2022,2,11,0.0,C
2022,2,12,0.0,C
2022,2,13,1.2,C
2022,2,14,1.2,C
2022,2,15,0.0,C
2022,2,16,0.0,C
2022,2,17,4.0,C
2022,2,18,Trace,C
2022,2,19,21.3,C
2022,2,20,43.4,C
2022,2,21,43.3,C
2022,2,22,39.9,C
2022,2,23,11.0,C
2022,2,24,0.0,C
2022,2,25,0.0,C
2022,2,26,0.0,C
2022,2,27,0.0,C
2022,2,28,0.0,C
2022,3,1,0.0,C
2022,3,2,0.0,C
2022,3,3,0.0,C
2022,3,4,0.0,C
2022,3,5,0.0,C
2022,3,6,0.0,C
2022,3,7,4.8,C
2022,3,8,0.0,C
2022,3,9,0.0,C
2022,3,10,0.0,C
2022,3,11,0.0,C
2022,3,12,0.0,C
2022,3,13,0.1,C
2022,3,14,0.0,C
2022,3,15,0.0,C
2022,3,16,Trace,C
2022,3,17,Trace,C
2022,3,18,0.0,C
2022,3,19,0.0,C
2022,3,20,Trace,C
2022,3,21,Trace,C
2022,3,22,Trace,C
2022,3,23,54.8,C
2022,3,24,1.8,C
2022,3,25,0.7,C
2022,3,26,0.1,C
2022,3,27,Trace,C
2022,3,28,30.3,C
2022,3,29,0.1,C
2022,3,30,0.0,C
2022,3,31,Trace,C
2022,4,1,0.5,C
2022,4,2,1.3,C
2022,4,3,0.0,C
2022,4,4,0.0,C
2022,4,5,0.0,C
2022,4,6,0.0,C
2022,4,7,0.0,C
2022,4,8,0.0,C
2022,4,9,0.0,C
2022,4,10,0.0,C
2022,4,11,0.0,C
2022,4,12,0.0,C
2022,4,13,Trace,C
2022,4,14,0.0,C
2022,4,15,Trace,C
2022,4,16,Trace,C
2022,4,17,0.4,C
2022,4,18,Trace,C
2022,4,19,0.8,C
2022,4,20,0.0,C
2022,4,21,0.0,C
2022,4,22,0.0,C
2022,4,23,Trace,C
2022,4,24,0.0,C
2022,4,25,0.0,C
2022,4,26,0.0,C
2022,4,27,0.0,C
2022,4,28,0.0,C
2022,4,29,0.0,C
2022,4,30,0.5,C
2022,5,1,32.4,C
2022,5,2,23.4,C
2022,5,3,0.0,C
2022,5,4,0.0,C
2022,5,5,0.0,C
2022,5,6,0.0,C
2022,5,7,0.8,C
2022,5,8,Trace,C
2022,5,9,Trace,C
2022,5,10,1.4,C
2022,5,11,61.4,C
2022,5,12,123.5,C
2022,5,13,107.1,C
2022,5,14,5.0,C
2022,5,15,26.2,C
2022,5,16,4.7,C
2022,5,17,0.0,C
2022,5,18,0.0,C
2022,5,19,0.0,C
2022,5,20,0.0,C
2022,5,21,0.0,C
2022,5,22,0.6,C
2022,5,23,11.2,C
2022,5,24,10.3,C
2022,5,25,1.3,C
2022,5,26,2.4,C
2022,5,27,24.7,C
2022,5,28,Trace,C
2022,5,29,Trace,C
2022,5,30,Trace,C
2022,5,31,0.1,C
2022,6,1,1.2,C
2022,6,2,11.9,C
2022,6,3,1.6,C
2022,6,4,Trace,C
2022,6,5,Trace,C
2022,6,6,2.5,C
2022,6,7,33.8,C
2022,6,8,66.0,C
2022,6,9,28.7,C
2022,6,10,25.8,C
2022,6,11,47.5,C
2022,6,12,2.6,C
2022,6,13,0.0,C
2022,6,14,42.8,C
2022,6,15,11.0,C
2022,6,16,2.6,C
2022,6,17,1.0,C
2022,6,18,1.3,C
2022,6,19,0.1,C
2022,6,20,2.8,C
2022,6,21,Trace,C
2022,6,22,0.0,C
2022,6,23,0.0,C
2022,6,24,0.0,C
2022,6,25,0.0,C
2022,6,26,0.3,C
2022,6,27,0.1,C
2022,6,28,0.0,C
2022,6,29,0.7,C
2022,6,30,64.9,C
2022,7,1,63.0,C
2022,7,2,72.4,C
2022,7,3,0.0,C
2022,7,4,0.4,C
2022,7,5,0.2,C
2022,7,6,0.5,C
2022,7,7,13.1,C
2022,7,8,Trace,C
2022,7,9,Trace,C
2022,7,10,Trace,C
2022,7,11,0.0,C
2022,7,12,0.0,C
2022,7,13,0.0,C
2022,7,14,0.0,C
2022,7,15,0.2,C
2022,7,16,1.5,C
2022,7,17,1.2,C
2022,7,18,2.7,C
2022,7,19,Trace,C
2022,7,20,0.6,C
2022,7,21,0.3,C
2022,7,22,0.0,C
2022,7,23,0.0,C
2022,7,24,0.0,C
2022,7,25,0.0,C
2022,7,26,0.0,C
2022,7,27,0.0,C
2022,7,28,0.0,C
2022,7,29,0.0,C
2022,7,30,2.4,C
2022,7,31,0.0,C
2022,8,1,0.0,C
2022,8,2,0.2,C
2022,8,3,34.9,C
2022,8,4,14.9,C
2022,8,5,165.5,C
2022,8,6,5.5,C
2022,8,7,2.8,C
2022,8,8,33.3,C
2022,8,9,72.0,C
2022,8,10,49.7,C
2022,8,11,12.4,C
2022,8,12,76.0,C
2022,8,13,0.0,C
2022,8,14,0.0,C
2022,8,15,0.0,C
2022,8,16,9.1,C
2022,8,17,29.8,C
2022,8,18,22.1,C
2022,8,19,4.8,C
2022,8,20,8.4,C
2022,8,21,1.9,C
2022,8,22,0.0,C
2022,8,23,0.0,C
2022,8,24,5.5,C
2022,8,25,48.1,C
2022,8,26,0.1,C
2022,8,27,0.0,C
2022,8,28,0.0,C
2022,8,29,0.0,C
2022,8,30,13.1,C
2022,8,31,4.7,C
2022,9,1,2.8,C
2022,9,2,0.0,C
2022,9,3,0.0,C
2022,9,4,0.0,C
2022,9,5,0.0,C
2022,9,6,0.0,C
2022,9,7,8.6,C
2022,9,8,Trace,C
2022,9,9,0.0,C
2022,9,10,Trace,C
2022,9,11,0.0,C
2022,9,12,0.0,C
2022,9,13,0.0,C
2022,9,14,0.0,C
2022,9,15,0.0,C
2022,9,16,Trace,C
2022,9,17,Trace,C
2022,9,18,20.3,C
2022,9,19,3.3,C
2022,9,20,3.5,C
2022,9,21,8.5,C
2022,9,22,0.0,C
2022,9,23,13.4,C
2022,9,24,0.0,C
2022,9,25,0.0,C
2022,9,26,0.0,C
2022,9,27,Trace,C
2022,9,28,0.0,C
2022,9,29,8.1,C
2022,9,30,102.7,C
2022,10,1,2.6,C
2022,10,2,Trace,C
2022,10,3,0.0,C
2022,10,4,0.0,C
2022,10,5,Trace,C
2022,10,6,Trace,C
2022,10,7,22.8,C
2022,10,8,Trace,C
2022,10,9,4.8,C
2022,10,10,0.0,C
2022,10,11,0.0,C
2022,10,12,0.0,C
2022,10,13,0.0,C
2022,10,14,0.0,C
2022,10,15,0.0,C
2022,10,16,0.0,C
2022,10,17,Trace,C
2022,10,18,19.7,C
2022,10,19,0.0,C
2022,10,20,0.0,C
2022,10,21,0.0,C
2022,10,22,Trace,C
2022,10,23,0.0,C
2022,10,24,0.0,C
2022,10,25,0.0,C
2022,10,26,0.0,C
2022,10,27,0.0,C
2022,10,28,0.0,C
2022,10,29,0.0,C
2022,10,30,0.0,C
2022,10,31,0.0,C
2022,11,1,4.5,C
2022,11,2,23.7,C
2022,11,3,58.1,C
2022,11,4,4.0,C
2022,11,5,Trace,C
2022,11,6,6.6,C
2022,11,7,1.6,C
2022,11,8,7.7,C
2022,11,9,0.0,C
2022,11,10,0.0,C
2022,11,11,0.0,C
2022,11,12,Trace,C
2022,11,13,0.0,C
2022,11,14,0.0,C
2022,11,15,0.0,C
2022,11,16,0.0,C
2022,11,17,0.0,C
2022,11,18,0.0,C
2022,11,19,0.0,C
2022,11,20,0.0,C
2022,11,21,0.5,C
2022,11,22,2.5,C
2022,11,23,3.4,C
2022,11,24,9.6,C
2022,11,25,4.8,C
2022,11,26,0.5,C
2022,11,27,1.9,C
2022,11,28,1.4,C
2022,11,29,0.0,C
2022,11,30,0.0,C
2022,12,1,Trace,C
2022,12,2,0.0,C
2022,12,3,0.0,C
2022,12,4,0.0,C
2022,12,5,0.0,C
2022,12,6,0.0,C
2022,12,7,Trace,C
2022,12,8,0.0,C
2022,12,9,0.0,C
2022,12,10,0.0,C
2022,12,11,0.0,C
2022,12,12,Trace,C
2022,12,13,3.2,C
2022,12,14,8.7,C
2022,12,15,3.8,C
2022,12,16,0.9,C
2022,12,17,9.1,C
2022,12,18,Trace,C
2022,12,19,0.0,C
2022,12,20,0.0,C
2022,12,21,Trace,C
2022,12,22,0.0,C
2022,12,23,0.0,C
2022,12,24,0.0,C
2022,12,25,0.0,C
2022,12,26,0.0,C
2022,12,27,0.0,C
2022,12,28,0.0,C
2022,12,29,Trace,C
2022,12,30,0.0,C
2022,12,31,0.0,C
2023,1,1,0.1,C
2023,1,2,Trace,C
2023,1,3,Trace,C
2023,1,4,Trace,C
2023,1,5,0.0,C
2023,1,6,0.0,C
2023,1,7,0.0,C
2023,1,8,Trace,C
2023,1,9,0.1,C
2023,1,10,5.5,C
2023,1,11,3.2,C
2023,1,12,0.5,C
2023,1,13,4.5,C
2023,1,14,3.4,C
2023,1,15,Trace,C
2023,1,16,0.0,C
2023,1,17,0.0,C
2023,1,18,0.0,C
2023,1,19,0.0,C
2023,1,20,Trace,C
2023,1,21,Trace,C
2023,1,22,0.6,C
2023,1,23,0.0,C
2023,1,24,0.3,C
2023,1,25,0.0,C
2023,1,26,0.0,C
2023,1,27,0.0,C
2023,1,28,0.0,C
2023,1,29,0.0,C
2023,1,30,0.0,C
2023,1,31,0.0,C
2023,2,1,0.0,C
2023,2,2,0.0,C
2023,2,3,0.0,C
2023,2,4,0.4,C
2023,2,5,Trace,C
2023,2,6,0.1,C
2023,2,7,Trace,C
2023,2,8,Trace,C
2023,2,9,0.1,C
2023,2,10,0.1,C
2023,2,11,0.9,C
2023,2,12,Trace,C
2023,2,13,Trace,C
2023,2,14,0.0,C
2023,2,15,0.0,C
2023,2,16,0.0,C
2023,2,17,0.0,C
2023,2,18,0.0,C
2023,2,19,Trace,C
2023,2,20,0.0,C
2023,2,21,0.0,C
2023,2,22,0.0,C
2023,2,23,0.0,C
2023,2,24,0.0,C
2023,2,25,0.0,C
2023,2,26,0.0,C
2023,2,27,0.0,C
2023,2,28,0.0,C
2023,3,1,0.0,C
2023,3,2,0.0,C
2023,3,3,0.0,C
2023,3,4,0.0,C
2023,3,5,0.0,C
2023,3,6,0.0,C
2023,3,7,0.0,C
2023,3,8,0.0,C
2023,3,9,0.0,C
2023,3,10,0.0,C
2023,3,11,0.0,C
2023,3,12,0.1,C
2023,3,13,Trace,C
2023,3,14,0.0,C
2023,3,15,0.0,C
2023,3,16,Trace,C
2023,3,17,0.5,C
2023,3,18,0.0,C
2023,3,19,0.6,C
2023,3,20,0.3,C
2023,3,21,Trace,C
2023,3,22,Trace,C
2023,3,23,0.0,C
2023,3,24,0.0,C
2023,3,25,53.5,C
2023,3,26,5.9,C
2023,3,27,6.3,C
2023,3,28,Trace,C
2023,3,29,0.9,C
2023,3,30,0.3,C
2023,3,31,1.9,C
2023,4,1,0.7,C
2023,4,2,0.7,C
2023,4,3,2.1,C
2023,4,4,4.0,C
2023,4,5,0.4,C
2023,4,6,5.9,C
2023,4,7,4.4,C
2023,4,8,Trace,C
2023,4,9,2.6,C
2023,4,10,0.0,C
2023,4,11,0.0,C
2023,4,12,0.0,C
2023,4,13,0.0,C
2023,4,14,0.0,C
2023,4,15,0.0,C
2023,4,16,0.0,C
2023,4,17,Trace,C
2023,4,18,Trace,C
2023,4,19,26.5,C
2023,4,20,18.2,C
2023,4,21,4.3,C
2023,4,22,0.7,C
2023,4,23,0.4,C
2023,4,24,1.0,C
2023,4,25,4.4,C
2023,4,26,0.0,C
2023,4,27,0.3,C
2023,4,28,0.9,C
2023,4,29,Trace,C
2023,4,30,0.0,C
2023,5,1,0.3,C
2023,5,2,0.0,C
2023,5,3,0.1,C
2023,5,4,0.0,C
2023,5,5,0.0,C
2023,5,6,0.0,C
2023,5,7,35.5,C
2023,5,8,39.2,C
2023,5,9,0.1,C
2023,5,10,0.0,C
2023,5,11,0.5,C
2023,5,12,Trace,C
2023,5,13,9.5,C
2023,5,14,39.9,C
2023,5,15,0.1,C
2023,5,16,0.4,C
2023,5,17,32.7,C
2023,5,18,0.0,C
2023,5,19,0.0,C
2023,5,20,Trace,C
2023,5,21,1.5,C
2023,5,22,0.0,C
2023,5,23,8.3,C
2023,5,24,14.5,C
2023,5,25,Trace,C
2023,5,26,0.2,C
2023,5,27,0.0,C
2023,5,28,Trace,C
2023,5,29,0.0,C
2023,5,30,0.0,C
2023,5,31,Trace,C
2023,6,1,6.0,C
2023,6,2,0.0,C
2023,6,3,0.6,C
2023,6,4,5.1,C
2023,6,5,4.8,C
2023,6,6,31.1,C
2023,6,7,27.1,C
2023,6,8,2.6,C
2023,6,9,16.8,C
2023,6,10,0.3,C
2023,6,11,25.4,C
2023,6,12,0.2,C
2023,6,13,31.8,C
2023,6,14,62.8,C
2023,6,15,41.5,C
2023,6,16,41.7,C
2023,6,17,89.9,C
2023,6,18,35.8,C
2023,6,19,10.2,C
2023,6,20,2.3,C
2023,6,21,1.9,C
2023,6,22,0.6,C
2023,6,23,2.3,C
2023,6,24,8.2,C
2023,6,25,13.0,C
2023,6,26,11.4,C
2023,6,27,Trace,C
2023,6,28,5.4,C
2023,6,29,0.9,C
2023,6,30,11.2,C
2023,7,1,4.7,C
2023,7,2,15.6,C
2023,7,3,3.6,C
2023,7,4,10.6,C
2023,7,5,Trace,C
2023,7,6,Trace,C
2023,7,7,0.3,C
2023,7,8,0.0,C
2023,7,9,Trace,C
2023,7,10,0.0,C
2023,7,11,0.0,C
2023,7,12,0.0,C
2023,7,13,0.0,C
2023,7,14,0.0,C
2023,7,15,2.5,C
2023,7,16,4.9,C
2023,7,17,29.0,C
2023,7,18,10.9,C
2023,7,19,3.9,C
2023,7,20,4.8,C
2023,7,21,Trace,C
2023,7,22,0.0,C
2023,7,23,Trace,C
2023,7,24,0.0,C
2023,7,25,0.0,C
2023,7,26,0.0,C
2023,7,27,6.9,C
2023,7,28,0.0,C
2023,7,29,21.0,C
2023,7,30,10.0,C
2023,7,31,46.5,C
2023,8,1,Trace,C
2023,8,2,0.0,C
2023,8,3,0.0,C
2023,8,4,2.6,C
2023,8,5,5.9,C
2023,8,6,Trace,C
2023,8,7,1.6,C
2023,8,8,0.0,C
2023,8,9,Trace,C
2023,8,10,11.1,C
2023,8,11,26.4,C
2023,8,12,0.9,C
2023,8,13,34.2,C
2023,8,14,3.6,C
2023,8,15,Trace,C
2023,8,16,0.0,C
2023,8,17,Trace,C
2023,8,18,9.3,C
2023,8,19,0.3,C
2023,8,20,0.6,C
2023,8,21,0.2,C
2023,8,22,0.3,C
2023,8,23,0.3,C
2023,8,24,5.7,C
2023,8,25,0.2,C
2023,8,26,0.0,C
2023,8,27,2.2,C
2023,8,28,0.5,C
2023,8,29,34.4,C
2023,8,30,0.0,C
2023,8,31,0.4,C
2023,9,1,98.9,C
2023,9,2,80.4,C
2023,9,3,0.1,C
2023,9,4,Trace,C
2023,9,5,0.4,C
2023,9,6,0.0,C
2023,9,7,215.7,C
2023,9,8,425.0,C
2023,9,9,9.8,C
2023,9,10,67.4,C
2023,9,11,20.5,C
2023,9,12,0.9,C
2023,9,13,2.5,C
2023,9,14,103.5,C
2023,9,15,28.5,C
2023,9,16,4.3,C
2023,9,17,0.0,C
2023,9,18,0.0,C
2023,9,19,0.0,C
2023,9,20,0.0,C
2023,9,21,0.0,C
2023,9,22,Trace,C
2023,9,23,0.0,C
2023,9,24,0.0,C
2023,9,25,1.5,C
2023,9,26,0.0,C
2023,9,27,Trace,C
2023,9,28,0.0,C
2023,9,29,7.7,C
2023,9,30,0.0,C
2023,10,1,0.0,C
2023,10,2,0.4,C
2023,10,3,Trace,C
2023,10,4,0.0,C
2023,10,5,0.0,C
2023,10,6,Trace,C
2023,10,7,1.9,C
2023,10,8,92.2,C
2023,10,9,369.7,C
2023,10,10,2.3,C
2023,10,11,0.0,C
2023,10,12,0.0,C
2023,10,13,0.0,C
2023,10,14,0.0,C
2023,10,15,0.1,C
2023,10,16,0.0,C
2023,10,17,Trace,C
2023,10,18,38.3,C
2023,10,19,27.9,C
2023,10,20,0.2,C
2023,10,21,Trace,C
2023,10,22,Trace,C
2023,10,23,Trace,C
2023,10,24,0.0,C
2023,10,25,0.0,C
2023,10,26,0.0,C
2023,10,27,0.0,C
2023,10,28,9.5,C
2023,10,29,3.5,C
2023,10,30,Trace,C
2023,10,31,0.0,C
2023,11,1,0.0,C
2023,11,2,0.0,C
2023,11,3,0.0,C
2023,11,4,0.0,C
2023,11,5,0.0,C
2023,11,6,0.0,C
2023,11,7,0.0,C
2023,11,8,0.0,C
2023,11,9,Trace,C
2023,11,10,0.0,C
2023,11,11,2.5,C
2023,11,12,0.6,C
2023,11,13,0.0,C
2023,11,14,0.0,C
2023,11,15,0.0,C
2023,11,16,0.0,C
2023,11,17,0.0,C
2023,11,18,0.0,C
2023,11,19,0.0,C
2023,11,20,0.0,C
2023,11,21,0.0,C
2023,11,22,0.0,C
2023,11,23,0.0,C
2023,11,24,0.0,C
2023,11,25,0.0,C
2023,11,26,0.0,C
2023,11,27,0.0,C
2023,11,28,Trace,C
2023,11,29,0.2,C
2023,11,30,0.0,C
2023,12,1,0.0,C
2023,12,2,0.0,C
2023,12,3,Trace,C
2023,12,4,Trace,C
2023,12,5,0.0,C
2023,12,6,Trace,C
2023,12,7,0.0,C
2023,12,8,0.0,C
2023,12,9,0.0,C
2023,12,10,Trace,C
2023,12,11,0.3,C
2023,12,12,0.3,C
2023,12,13,Trace,C
2023,12,14,Trace,C
2023,12,15,0.0,C
2023,12,16,0.1,C
2023,12,17,0.0,C
2023,12,18,Trace,C
2023,12,19,0.0,C
2023,12,20,0.0,C
2023,12,21,0.0,C
2023,12,22,0.0,C
2023,12,23,0.2,C
2023,12,24,0.0,C
2023,12,25,0.0,C
2023,12,26,0.0,C
2023,12,27,Trace,C
2023,12,28,Trace,C
2023,12,29,0.0,C
2023,12,30,Trace,C
2023,12,31,0.0,C
2024,1,1,0.0,C
2024,1,2,0.0,C
2024,1,3,0.0,C
2024,1,4,0.0,C
2024,1,5,0.0,C
2024,1,6,0.0,C
2024,1,7,0.0,C
2024,1,8,Trace,C
2024,1,9,Trace,C
2024,1,10,0.0,C
2024,1,11,Trace,C
2024,1,12,0.0,C
2024,1,13,0.0,C
2024,1,14,0.0,C
2024,1,15,0.0,C
2024,1,16,0.0,C
2024,1,17,0.1,C
2024,1,18,0.0,C
2024,1,19,0.0,C
2024,1,20,0.0,C
2024,1,21,Trace,C
2024,1,22,0.5,C
2024,1,23,2.7,C
2024,1,24,0.0,C
2024,1,25,0.0,C
2024,1,26,0.0,C
2024,1,27,1.0,C
2024,1,28,2.4,C
2024,1,29,Trace,C
2024,1,30,Trace,C
2024,1,31,Trace,C
2024,2,1,0.2,C
2024,2,2,Trace,C
2024,2,3,Trace,C
2024,2,4,Trace,C
2024,2,5,Trace,C
2024,2,6,0.6,C
2024,2,7,Trace,C
2024,2,8,2.2,C
2024,2,9,0.6,C
2024,2,10,0.5,C
2024,2,11,0.0,C
2024,2,12,0.0,C
2024,2,13,0.0,C
2024,2,14,0.0,C
2024,2,15,0.0,C
2024,2,16,Trace,C
2024,2,17,Trace,C
2024,2,18,0.0,C
2024,2,19,0.0,C
2024,2,20,0.0,C
2024,2,21,0.0,C
2024,2,22,0.0,C
2024,2,23,Trace,C
2024,2,24,Trace,C
2024,2,25,0.0,C
2024,2,26,Trace,C
2024,2,27,Trace,C
2024,2,28,Trace,C
2024,2,29,Trace,C
2024,3,1,Trace,C
2024,3,2,0.3,C
2024,3,3,0.2,C
2024,3,4,1.4,C
2024,3,5,Trace,C
2024,3,6,0.1,C
2024,3,7,Trace,C
2024,3,8,0.2,C
2024,3,9,2.1,C
2024,3,10,4.6,C
2024,3,11,11.7,C
2024,3,12,0.0,C
2024,3,13,Trace,C
2024,3,14,0.0,C
2024,3,15,0.0,C
2024,3,16,Trace,C
2024,3,17,0.0,C
2024,3,18,0.6,C
2024,3,19,0.3,C
2024,3,20,0.0,C
2024,3,21,Trace,C
2024,3,22,Trace,C
2024,3,23,0.0,C
2024,3,24,0.0,C
2024,3,25,0.0,C
2024,3,26,0.0,C
2024,3,27,Trace,C
2024,3,28,0.0,C
2024,3,29,Trace,C
2024,3,30,Trace,C
2024,3,31,0.1,C
2024,4,1,Trace,C
2024,4,2,0.0,C
2024,4,3,Trace,C
2024,4,4,Trace,C
2024,4,5,0.3,C
2024,4,6,2.7,C
2024,4,7,0.9,C
2024,4,8,0.0,C
2024,4,9,Trace,C
2024,4,10,0.0,C
2024,4,11,0.0,C
2024,4,12,0.0,C
2024,4,13,0.0,C
2024,4,14,0.0,C
2024,4,15,0.0,C
2024,4,16,0.0,C
2024,4,17,0.0,C
2024,4,18,8.6,C
2024,4,19,2.2,C
2024,4,20,42.2,C
2024,4,21,81.6,C
2024,4,22,13.2,C
2024,4,23,40.0,C
2024,4,24,Trace,C
2024,4,25,5.7,C
2024,4,26,25.0,C
2024,4,27,0.8,C
2024,4,28,12.2,C
2024,4,29,0.0,C
2024,4,30,21.7,C
2024,5,1,52.9,C
2024,5,2,1.1,C
2024,5,3,Trace,C
2024,5,4,75.1,C
2024,5,5,5.3,C
2024,5,6,0.0,C
2024,5,7,0.0,C
2024,5,8,Trace,C
2024,5,9,0.0,C
2024,5,10,Trace,C
2024,5,11,Trace,C
2024,5,12,3.1,C
2024,5,13,0.7,C
2024,5,14,0.0,C
2024,5,15,0.0,C
2024,5,16,0.0,C
2024,5,17,Trace,C
2024,5,18,Trace,C
2024,5,19,17.5,C
2024,5,20,30.7,C
2024,5,21,45.3,C
2024,5,22,Trace,C
2024,5,23,2.5,C
2024,5,24,17.6,C
2024,5,25,7.8,C
2024,5,26,0.3,C
2024,5,27,6.7,C
2024,5,28,8.9,C
2024,5,29,0.0,C
2024,5,30,3.7,C
2024,5,31,13.4,C
2024,6,1,54.2,C
2024,6,2,3.2,C
2024,6,3,8.6,C
2024,6,4,2.9,C
2024,6,5,8.5,C
2024,6,6,Trace,C
2024,6,7,1.6,C
2024,6,8,6.8,C
2024,6,9,33.5,C
2024,6,10,0.2,C
2024,6,11,0.6,C
2024,6,12,8.3,C
2024,6,13,4.9,C
2024,6,14,32.0,C
2024,6,15,28.3,C
2024,6,16,17.5,C
2024,6,17,Trace,C
2024,6,18,4.6,C
2024,6,19,9.4,C
2024,6,20,5.0,C
2024,6,21,0.0,C
2024,6,22,0.0,C
2024,6,23,4.7,C
2024,6,24,0.3,C
2024,6,25,19.0,C
2024,6,26,0.0,C
2024,6,27,1.4,C
2024,6,28,1.6,C
2024,6,29,15.5,C
2024,6,30,8.7,C
2024,7,1,2.5,C
2024,7,2,5.3,C
2024,7,3,0.0,C
2024,7,4,5.1,C
2024,7,5,1.5,C
2024,7,6,0.2,C
2024,7,7,Trace,C
2024,7,8,0.2,C
2024,7,9,Trace,C
2024,7,10,10.7,C
2024,7,11,6.5,C
2024,7,12,24.4,C
2024,7,13,8.0,C
2024,7,14,90.0,C
2024,7,15,13.6,C
2024,7,16,15.7,C
2024,7,17,13.7,C
2024,7,18,19.6,C
2024,7,19,40.5,C
2024,7,20,3.7,C
2024,7,21,4.7,C
2024,7,22,0.2,C
2024,7,23,0.0,C
2024,7,24,0.0,C
2024,7,25,Trace,C
2024,7,26,3.9,C
2024,7,27,34.7,C
2024,7,28,69.4,C
2024,7,29,6.7,C
2024,7,30,29.5,C
2024,7,31,48.2,C
2024,8,1,2.3,C
2024,8,2,0.4,C
2024,8,3,0.0,C
2024,8,4,0.0,C
2024,8,5,0.0,C
2024,8,6,10.3,C
2024,8,7,0.0,C
2024,8,8,0.0,C
2024,8,9,0.0,C
2024,8,10,Trace,C
2024,8,11,0.0,C
2024,8,12,20.9,C
2024,8,13,5.0,C
2024,8,14,0.1,C
2024,8,15,8.0,C
2024,8,16,0.4,C
2024,8,17,116.2,C
2024,8,18,32.5,C
2024,8,19,19.3,C
2024,8,20,11.4,C
2024,8,21,3.9,C
2024,8,22,0.0,C
2024,8,23,0.0,C
2024,8,24,0.0,C
2024,8,25,0.0,C
2024,8,26,0.0,C
2024,8,27,0.0,C
2024,8,28,Trace,C
2024,8,29,Trace,C
2024,8,30,23.3,C
2024,8,31,7.5,C
2024,9,1,Trace,C
2024,9,2,Trace,C
2024,9,3,35.5,C
2024,9,4,0.6,C
2024,9,5,21.5,C
2024,9,6,84.1,C
2024,9,7,5.8,C
2024,9,8,37.8,C
2024,9,9,13.0,C
2024,9,10,0.0,C
2024,9,11,0.0,C
2024,9,12,0.0,C
2024,9,13,0.1,C
2024,9,14,57.2,C
2024,9,15,2.4,C
2024,9,16,27.4,C
2024,9,17,16.0,C
2024,9,18,Trace,C
2024,9,19,0.0,C
2024,9,20,4.6,C
2024,9,21,72.9,C
2024,9,22,32.1,C
2024,9,23,24.9,C
2024,9,24,75.0,C
2024,9,25,5.4,C
2024,9,26,0.0,C
2024,9,27,0.0,C
2024,9,28,1.3,C
2024,9,29,3.3,C
2024,9,30,0.0,C